data_type,n,algo,mean_time_ns,mean_char_cmp,runs
almost,100,merge_lcp,40895.700,372.900,10
almost,100,merge_std,41133.300,768.100,10
almost,100,msd_plain,27587.500,481.200,10
almost,100,msd_switch,14450.000,1308.100,10
almost,100,quick_std,30441.600,14195.600,10
almost,100,string_quick3,6095.700,1371.800,10
almost,200,merge_lcp,93195.500,764.100,10
almost,200,merge_std,93658.300,1752.200,10
almost,200,msd_plain,55850.100,954.000,10
almost,200,msd_switch,32137.700,2653.600,10
almost,200,quick_std,53825.000,29365.800,10
almost,200,string_quick3,11866.700,2662.700,10
almost,300,merge_lcp,153891.800,1147.400,10
almost,300,merge_std,154691.900,2832.300,10
almost,300,msd_plain,86283.300,1430.600,10
almost,300,msd_switch,46770.700,3916.000,10
almost,300,quick_std,80562.500,44629.400,10
almost,300,string_quick3,18362.500,4158.400,10
almost,400,merge_lcp,221800.000,1546.000,10
almost,400,merge_std,217787.700,3918.000,10
almost,400,msd_plain,112162.600,1902.200,10
almost,400,msd_switch,62125.000,5285.100,10
almost,400,quick_std,109249.900,61357.400,10
almost,400,string_quick3,26187.500,5682.600,10
almost,500,merge_lcp,286987.400,1946.700,10
almost,500,merge_std,277341.600,4909.400,10
almost,500,msd_plain,145633.400,2374.400,10
almost,500,msd_switch,78837.300,6703.000,10
almost,500,quick_std,131095.900,73745.000,10
almost,500,string_quick3,36054.100,7671.200,10
almost,600,merge_lcp,362229.200,2368.800,10
almost,600,merge_std,345796.000,6241.900,10
almost,600,msd_plain,170716.600,2858.200,10
almost,600,msd_switch,95658.300,8001.600,10
almost,600,quick_std,156987.700,88726.900,10
almost,600,string_quick3,40912.700,9618.900,10
almost,700,merge_lcp,432895.700,2789.200,10
almost,700,merge_std,426671.100,7472.800,10
almost,700,msd_plain,199791.600,3338.400,10
almost,700,msd_switch,109587.500,9345.600,10
almost,700,quick_std,184695.700,103296.600,10
almost,700,string_quick3,52404.000,12836.800,10
almost,800,merge_lcp,501691.700,3204.600,10
almost,800,merge_std,483437.400,8642.100,10
almost,800,msd_plain,226449.900,3816.400,10
almost,800,msd_switch,125087.300,10690.900,10
almost,800,quick_std,215916.600,120586.200,10
almost,800,string_quick3,61875.000,16030.000,10
almost,900,merge_lcp,567866.600,3638.500,10
almost,900,merge_std,561904.100,9782.400,10
almost,900,msd_plain,258658.200,4299.400,10
almost,900,msd_switch,141145.900,12058.300,10
almost,900,quick_std,237991.800,134476.400,10
almost,900,string_quick3,64908.200,16684.700,10
almost,1000,merge_lcp,642145.800,4054.000,10
almost,1000,merge_std,623374.900,10853.800,10
almost,1000,msd_plain,282333.400,4782.600,10
almost,1000,msd_switch,156904.100,13354.200,10
almost,1000,quick_std,271587.600,149348.200,10
almost,1000,string_quick3,71070.700,17881.000,10
almost,1100,merge_lcp,741350.000,4517.000,10
almost,1100,merge_std,721362.400,12277.200,10
almost,1100,msd_plain,314237.500,5276.400,10
almost,1100,msd_switch,172087.600,14774.400,10
almost,1100,quick_std,294899.800,163946.500,10
almost,1100,string_quick3,85175.000,19201.900,10
almost,1200,merge_lcp,818337.400,4928.600,10
almost,1200,merge_std,780049.900,13820.200,10
almost,1200,msd_plain,340916.500,5768.800,10
almost,1200,msd_switch,187587.400,16150.000,10
almost,1200,quick_std,331908.400,178484.200,10
almost,1200,string_quick3,84487.400,20991.500,10
almost,1300,merge_lcp,887420.900,5387.100,10
almost,1300,merge_std,858975.200,15173.200,10
almost,1300,msd_plain,369108.600,6254.800,10
almost,1300,msd_switch,215895.800,17562.100,10
almost,1300,quick_std,341891.700,192298.900,10
almost,1300,string_quick3,97125.000,23748.600,10
almost,1400,merge_lcp,958479.100,5815.800,10
almost,1400,merge_std,939254.100,16443.300,10
almost,1400,msd_plain,402754.100,6741.200,10
almost,1400,msd_switch,223691.500,18880.100,10
almost,1400,quick_std,369450.000,209472.400,10
almost,1400,string_quick3,100683.500,24819.800,10
almost,1500,merge_lcp,1021533.300,6280.100,10
almost,1500,merge_std,1025733.500,17802.200,10
almost,1500,msd_plain,437070.800,7224.800,10
almost,1500,msd_switch,236958.300,20281.200,10
almost,1500,quick_std,407991.400,225428.300,10
almost,1500,string_quick3,109608.300,26690.700,10
almost,1600,merge_lcp,1130446.000,6737.100,10
almost,1600,merge_std,1102533.200,19083.000,10
almost,1600,msd_plain,459287.600,7702.200,10
almost,1600,msd_switch,252487.600,21627.100,10
almost,1600,quick_std,426654.100,241084.800,10
almost,1600,string_quick3,122545.900,30136.300,10
almost,1700,merge_lcp,1192158.200,7220.600,10
almost,1700,merge_std,1184325.100,20461.200,10
almost,1700,msd_plain,486504.000,8196.800,10
almost,1700,msd_switch,269483.200,22968.600,10
almost,1700,quick_std,450412.400,257017.400,10
almost,1700,string_quick3,132171.100,32923.400,10
almost,1800,merge_lcp,1266012.400,7695.000,10
almost,1800,merge_std,1256195.900,21627.500,10
almost,1800,msd_plain,528187.500,8688.600,10
almost,1800,msd_switch,292129.100,24364.800,10
almost,1800,quick_std,480937.500,270906.300,10
almost,1800,string_quick3,149071.000,37866.700,10
almost,1900,merge_lcp,1346233.400,8150.100,10
almost,1900,merge_std,1321454.200,22865.500,10
almost,1900,msd_plain,551158.200,9186.200,10
almost,1900,msd_switch,304145.700,25801.800,10
almost,1900,quick_std,505520.800,285866.200,10
almost,1900,string_quick3,158050.200,42427.500,10
almost,2000,merge_lcp,1424262.600,8622.700,10
almost,2000,merge_std,1416950.000,23949.700,10
almost,2000,msd_plain,584974.800,9674.000,10
almost,2000,msd_switch,316754.400,27108.600,10
almost,2000,quick_std,530296.000,299075.000,10
almost,2000,string_quick3,174108.200,45554.800,10
almost,2100,merge_lcp,1575491.600,9150.200,10
almost,2100,merge_std,1471066.700,25441.300,10
almost,2100,msd_plain,616904.400,10162.800,10
almost,2100,msd_switch,336041.900,28502.300,10
almost,2100,quick_std,561195.800,314874.600,10
almost,2100,string_quick3,183904.100,49598.500,10
almost,2200,merge_lcp,1656687.500,9609.700,10
almost,2200,merge_std,1558962.400,27039.400,10
almost,2200,msd_plain,627658.400,10657.600,10
almost,2200,msd_switch,343199.900,29782.500,10
almost,2200,quick_std,590387.500,329511.300,10
almost,2200,string_quick3,184246.000,52694.100,10
almost,2300,merge_lcp,1712516.700,10102.400,10
almost,2300,merge_std,1625683.500,28577.800,10
almost,2300,msd_plain,671558.400,11137.200,10
almost,2300,msd_switch,369479.000,31128.300,10
almost,2300,quick_std,623729.200,346575.400,10
almost,2300,string_quick3,195645.700,52947.100,10
almost,2400,merge_lcp,1779954.300,10578.300,10
almost,2400,merge_std,1721054.200,30220.000,10
almost,2400,msd_plain,693691.600,11627.600,10
almost,2400,msd_switch,378508.300,32378.100,10
almost,2400,quick_std,643095.500,364992.200,10
almost,2400,string_quick3,201766.500,55834.200,10
almost,2500,merge_lcp,1931108.500,11056.500,10
almost,2500,merge_std,1814495.600,31629.100,10
almost,2500,msd_plain,731262.500,12113.600,10
almost,2500,msd_switch,395475.100,33748.300,10
almost,2500,quick_std,670183.200,380690.500,10
almost,2500,string_quick3,245820.800,59172.200,10
almost,2600,merge_lcp,1942708.200,11519.000,10
almost,2600,merge_std,1895200.000,33024.100,10
almost,2600,msd_plain,757721.000,12601.200,10
almost,2600,msd_switch,417116.500,35119.300,10
almost,2600,quick_std,702845.900,396358.600,10
almost,2600,string_quick3,218304.200,59923.200,10
almost,2700,merge_lcp,2020575.000,11968.600,10
almost,2700,merge_std,1965033.500,34281.100,10
almost,2700,msd_plain,780133.300,13082.200,10
almost,2700,msd_switch,429354.300,36355.800,10
almost,2700,quick_std,736250.200,412002.800,10
almost,2700,string_quick3,224874.900,61951.300,10
almost,2800,merge_lcp,2089791.800,12482.800,10
almost,2800,merge_std,2061908.400,35667.500,10
almost,2800,msd_plain,813920.900,13571.400,10
almost,2800,msd_switch,442587.300,37709.000,10
almost,2800,quick_std,762854.200,431783.200,10
almost,2800,string_quick3,229995.800,65181.900,10
almost,2900,merge_lcp,2166220.900,12994.000,10
almost,2900,merge_std,2137895.900,37200.600,10
almost,2900,msd_plain,864304.400,14067.200,10
almost,2900,msd_switch,456058.300,39057.300,10
almost,2900,quick_std,781237.400,435918.100,10
almost,2900,string_quick3,239291.600,65594.000,10
almost,3000,merge_lcp,2216104.200,13517.500,10
almost,3000,merge_std,2179183.600,38179.500,10
almost,3000,msd_plain,888424.800,14554.200,10
almost,3000,msd_switch,482499.900,40583.900,10
almost,3000,quick_std,687262.500,447550.100,10
almost,3000,string_quick3,245600.000,68541.400,10
random,100,merge_lcp,59095.900,516.600,10
random,100,merge_std,59337.500,604.400,10
random,100,msd_plain,23233.100,350.600,10
random,100,msd_switch,13145.800,374.200,10
random,100,quick_std,30283.200,14941.500,10
random,100,string_quick3,7758.100,1110.100,10
random,200,merge_lcp,129254.000,1182.500,10
random,200,merge_std,126962.600,1492.100,10
random,200,msd_plain,48154.100,783.800,10
random,200,msd_switch,26312.400,922.200,10
random,200,quick_std,61925.100,29598.300,10
random,200,string_quick3,16712.300,2463.800,10
random,300,merge_lcp,212595.800,1926.800,10
random,300,merge_std,202074.800,2521.500,10
random,300,msd_plain,74787.400,1221.600,10
random,300,msd_switch,40554.300,1602.600,10
random,300,quick_std,91816.600,44349.100,10
random,300,string_quick3,26979.300,3989.700,10
random,400,merge_lcp,303458.400,2700.000,10
random,400,merge_std,279733.400,3649.900,10
random,400,msd_plain,99404.200,1649.400,10
random,400,msd_switch,59366.700,2326.600,10
random,400,quick_std,128300.100,60502.500,10
random,400,string_quick3,36562.600,5686.500,10
random,500,merge_lcp,372399.900,3490.200,10
random,500,merge_std,358383.300,4840.800,10
random,500,msd_plain,127687.700,2076.600,10
random,500,msd_switch,74720.700,3140.700,10
random,500,quick_std,159012.200,75378.900,10
random,500,string_quick3,47020.700,7627.500,10
random,600,merge_lcp,466345.600,4378.700,10
random,600,merge_std,450641.800,6113.300,10
random,600,msd_plain,149450.000,2517.800,10
random,600,msd_switch,87962.400,4011.200,10
random,600,quick_std,191566.500,90531.500,10
random,600,string_quick3,57916.800,9216.400,10
random,700,merge_lcp,536050.100,5217.000,10
random,700,merge_std,525612.400,7414.200,10
random,700,msd_plain,188678.900,2965.600,10
random,700,msd_switch,110458.200,4939.500,10
random,700,quick_std,237899.900,106212.100,10
random,700,string_quick3,68091.700,11604.800,10
random,800,merge_lcp,640754.300,6093.900,10
random,800,merge_std,605154.100,8781.200,10
random,800,msd_plain,202049.900,3414.800,10
random,800,msd_switch,122529.300,5846.400,10
random,800,quick_std,289808.300,123036.200,10
random,800,string_quick3,80596.000,12523.600,10
random,900,merge_lcp,723245.900,7005.200,10
random,900,merge_std,681591.400,10163.400,10
random,900,msd_plain,228979.200,3867.800,10
random,900,msd_switch,139516.800,6783.700,10
random,900,quick_std,291662.600,138171.900,10
random,900,string_quick3,90341.600,14270.900,10
random,1000,merge_lcp,801400.000,7868.100,10
random,1000,merge_std,781212.400,11568.500,10
random,1000,msd_plain,253062.500,4322.400,10
random,1000,msd_switch,154162.400,7764.400,10
random,1000,quick_std,328512.500,154362.100,10
random,1000,string_quick3,101775.200,16579.100,10
random,1100,merge_lcp,922204.000,8963.100,10
random,1100,merge_std,848458.400,13035.700,10
random,1100,msd_plain,282150.100,4792.400,10
random,1100,msd_switch,172208.300,8845.900,10
random,1100,quick_std,360562.700,169288.700,10
random,1100,string_quick3,111970.900,18757.700,10
random,1200,merge_lcp,986491.800,9929.300,10
random,1200,merge_std,964741.600,14531.100,10
random,1200,msd_plain,307275.000,5271.200,10
random,1200,msd_switch,187570.800,9887.400,10
random,1200,quick_std,396979.200,184325.800,10
random,1200,string_quick3,123100.000,21046.100,10
random,1300,merge_lcp,1088058.300,10866.700,10
random,1300,merge_std,1039316.600,16043.800,10
random,1300,msd_plain,339387.600,5747.800,10
random,1300,msd_switch,205358.400,10964.100,10
random,1300,quick_std,429454.200,200402.800,10
random,1300,string_quick3,137916.700,22212.000,10
random,1400,merge_lcp,1159858.300,11752.400,10
random,1400,merge_std,1154858.600,17569.200,10
random,1400,msd_plain,364942.000,6236.200,10
random,1400,msd_switch,225579.000,12122.000,10
random,1400,quick_std,469266.500,217017.000,10
random,1400,string_quick3,146912.400,24359.200,10
random,1500,merge_lcp,1251662.500,12694.900,10
random,1500,merge_std,1231787.600,19136.000,10
random,1500,msd_plain,397541.800,6722.800,10
random,1500,msd_switch,247896.000,13192.900,10
random,1500,quick_std,497212.300,235156.700,10
random,1500,string_quick3,159495.800,27112.700,10
random,1600,merge_lcp,1361295.900,13675.800,10
random,1600,merge_std,1309341.600,20707.000,10
random,1600,msd_plain,419308.200,7212.400,10
random,1600,msd_switch,261212.300,14309.200,10
random,1600,quick_std,533120.800,248431.000,10
random,1600,string_quick3,174179.100,28096.500,10
random,1700,merge_lcp,1430608.300,14654.000,10
random,1700,merge_std,1411783.200,22300.100,10
random,1700,msd_plain,451908.200,7703.000,10
random,1700,msd_switch,273333.400,15534.800,10
random,1700,quick_std,578787.500,265496.100,10
random,1700,string_quick3,186146.000,30545.100,10
random,1800,merge_lcp,1539012.400,15626.900,10
random,1800,merge_std,1508687.500,23907.400,10
random,1800,msd_plain,485679.200,8207.000,10
random,1800,msd_switch,291925.200,16734.400,10
random,1800,quick_std,609295.900,281451.000,10
random,1800,string_quick3,210112.500,32540.300,10
random,1900,merge_lcp,1624171.100,16569.700,10
random,1900,merge_std,1608295.700,25535.800,10
random,1900,msd_plain,513104.300,8707.000,10
random,1900,msd_switch,311079.000,17958.800,10
random,1900,quick_std,640499.900,296281.400,10
random,1900,string_quick3,206500.100,34109.000,10
random,2000,merge_lcp,1716908.300,17560.400,10
random,2000,merge_std,1682775.200,27152.500,10
random,2000,msd_plain,546670.900,9219.600,10
random,2000,msd_switch,329008.400,19244.500,10
random,2000,quick_std,681237.600,313659.800,10
random,2000,string_quick3,221137.400,37688.700,10
random,2100,merge_lcp,1913074.900,18874.600,10
random,2100,merge_std,1801820.700,28810.900,10
random,2100,msd_plain,572991.900,9724.400,10
random,2100,msd_switch,351350.200,20356.400,10
random,2100,quick_std,711529.100,329702.500,10
random,2100,string_quick3,233045.900,37706.400,10
random,2200,merge_lcp,1979279.200,20111.700,10
random,2200,merge_std,1891658.400,30517.300,10
random,2200,msd_plain,626466.800,10227.600,10
random,2200,msd_switch,374233.200,21569.800,10
random,2200,quick_std,744733.400,344242.800,10
random,2200,string_quick3,245895.700,40286.300,10
random,2300,merge_lcp,2076066.600,21140.100,10
random,2300,merge_std,1964108.500,32237.800,10
random,2300,msd_plain,646554.000,10751.000,10
random,2300,msd_switch,376787.600,22795.700,10
random,2300,quick_std,793962.400,363608.200,10
random,2300,string_quick3,268670.900,43435.200,10
random,2400,merge_lcp,2149774.900,22144.600,10
random,2400,merge_std,2076375.100,33936.100,10
random,2400,msd_plain,659900.000,11282.000,10
random,2400,msd_switch,394783.400,24142.200,10
random,2400,quick_std,807600.000,375773.300,10
random,2400,string_quick3,269799.700,44730.300,10
random,2500,merge_lcp,2246983.400,23126.100,10
random,2500,merge_std,2156287.500,35680.200,10
random,2500,msd_plain,695766.700,11811.200,10
random,2500,msd_switch,413841.900,25462.900,10
random,2500,quick_std,846504.200,393606.000,10
random,2500,string_quick3,287116.700,48049.500,10
random,2600,merge_lcp,2349249.800,24143.100,10
random,2600,merge_std,2263904.100,37418.900,10
random,2600,msd_plain,729362.400,12342.200,10
random,2600,msd_switch,435091.800,26506.900,10
random,2600,quick_std,892316.700,408248.500,10
random,2600,string_quick3,305037.600,49428.700,10
random,2700,merge_lcp,2420400.000,25122.100,10
random,2700,merge_std,2390050.000,39172.200,10
random,2700,msd_plain,759462.400,12877.000,10
random,2700,msd_switch,453208.300,27784.700,10
random,2700,quick_std,930629.100,424508.100,10
random,2700,string_quick3,319379.300,51312.300,10
random,2800,merge_lcp,2493254.200,26073.700,10
random,2800,merge_std,2479754.300,40913.500,10
random,2800,msd_plain,790687.600,13406.600,10
random,2800,msd_switch,468504.100,29114.100,10
random,2800,quick_std,966379.400,442078.600,10
random,2800,string_quick3,321670.900,54257.600,10
random,2900,merge_lcp,2610620.700,27075.400,10
random,2900,merge_std,2584499.800,42699.700,10
random,2900,msd_plain,824729.000,13956.400,10
random,2900,msd_switch,500966.500,30653.200,10
random,2900,quick_std,1021983.300,457525.400,10
random,2900,string_quick3,333033.300,54862.700,10
random,3000,merge_lcp,2747724.900,28062.200,10
random,3000,merge_std,2684279.200,44461.400,10
random,3000,msd_plain,880270.900,14508.200,10
random,3000,msd_switch,506899.900,31994.200,10
random,3000,quick_std,1032674.800,473093.300,10
random,3000,string_quick3,346995.900,57337.100,10
reverse,100,merge_lcp,57112.500,345.700,10
reverse,100,merge_std,54858.500,604.400,10
reverse,100,msd_plain,32358.200,485.800,10
reverse,100,msd_switch,16225.100,1000.900,10
reverse,100,quick_std,22554.200,14163.600,10
reverse,100,string_quick3,5924.900,1234.100,10
reverse,200,merge_lcp,121204.000,730.600,10
reverse,200,merge_std,120916.600,1326.000,10
reverse,200,msd_plain,56604.000,967.600,10
reverse,200,msd_switch,31045.800,2050.000,10
reverse,200,quick_std,44812.500,29012.000,10
reverse,200,string_quick3,12208.500,2976.600,10
reverse,300,merge_lcp,196000.000,1106.000,10
reverse,300,merge_std,181862.400,2044.200,10
reverse,300,msd_plain,88825.000,1452.600,10
reverse,300,msd_switch,46316.500,3068.100,10
reverse,300,quick_std,61550.100,39161.900,10
reverse,300,string_quick3,18370.800,4543.500,10
reverse,400,merge_lcp,266808.200,1490.600,10
reverse,400,merge_std,256729.300,2842.200,10
reverse,400,msd_plain,116795.900,1937.800,10
reverse,400,msd_switch,61695.900,4109.100,10
reverse,400,quick_std,88970.900,57734.000,10
reverse,400,string_quick3,25133.300,6349.200,10
reverse,500,merge_lcp,341137.300,1871.900,10
reverse,500,merge_std,335837.500,3740.800,10
reverse,500,msd_plain,145558.300,2418.200,10
reverse,500,msd_switch,77695.500,5139.300,10
reverse,500,quick_std,93612.500,58945.800,10
reverse,500,string_quick3,32704.200,8208.700,10
reverse,600,merge_lcp,421362.400,2246.300,10
reverse,600,merge_std,389899.900,4403.100,10
reverse,600,msd_plain,171958.400,2910.600,10
reverse,600,msd_switch,93445.800,6186.000,10
reverse,600,quick_std,123287.500,79819.800,10
reverse,600,string_quick3,37737.300,9966.200,10
reverse,700,merge_lcp,493266.800,2626.000,10
reverse,700,merge_std,469787.500,5255.500,10
reverse,700,msd_plain,205137.600,3394.600,10
reverse,700,msd_switch,107950.000,7198.000,10
reverse,700,quick_std,160345.800,101539.600,10
reverse,700,string_quick3,44337.700,11809.700,10
reverse,800,merge_lcp,572716.700,3008.300,10
reverse,800,merge_std,538541.700,6116.600,10
reverse,800,msd_plain,233612.600,3878.200,10
reverse,800,msd_switch,125879.200,8233.800,10
reverse,800,quick_std,179133.500,116356.500,10
reverse,800,string_quick3,50929.100,13683.700,10
reverse,900,merge_lcp,647466.800,3384.300,10
reverse,900,merge_std,609341.700,6999.600,10
reverse,900,msd_plain,260679.200,4365.400,10
reverse,900,msd_switch,139570.700,9260.700,10
reverse,900,quick_std,181858.100,116983.000,10
reverse,900,string_quick3,60179.100,15570.600,10
reverse,1000,merge_lcp,731025.200,3766.400,10
reverse,1000,merge_std,680745.900,8007.000,10
reverse,1000,msd_plain,285854.000,4852.400,10
reverse,1000,msd_switch,153966.700,10286.000,10
reverse,1000,quick_std,186083.400,119350.300,10
reverse,1000,string_quick3,64904.200,17457.600,10
reverse,1100,merge_lcp,829166.700,4141.300,10
reverse,1100,merge_std,753029.100,8726.200,10
reverse,1100,msd_plain,314841.900,5329.400,10
reverse,1100,msd_switch,168812.600,11277.600,10
reverse,1100,quick_std,211429.400,136319.500,10
reverse,1100,string_quick3,72987.500,19529.100,10
reverse,1200,merge_lcp,898687.300,4523.200,10
reverse,1200,merge_std,837104.200,9451.000,10
reverse,1200,msd_plain,342337.400,5817.200,10
reverse,1200,msd_switch,185400.300,12303.000,10
reverse,1200,quick_std,243670.600,160363.000,10
reverse,1200,string_quick3,78645.900,21535.700,10
reverse,1300,merge_lcp,988333.500,4900.100,10
reverse,1300,merge_std,910220.700,10336.000,10
reverse,1300,msd_plain,369658.600,6301.000,10
reverse,1300,msd_switch,199020.900,13317.800,10
reverse,1300,quick_std,280329.000,181092.200,10
reverse,1300,string_quick3,87066.400,23100.800,10
reverse,1400,merge_lcp,1056854.300,5283.500,10
reverse,1400,merge_std,983758.500,11180.500,10
reverse,1400,msd_plain,403604.100,6783.400,10
reverse,1400,msd_switch,219025.100,14348.400,10
reverse,1400,quick_std,312966.700,203855.100,10
reverse,1400,string_quick3,94275.100,25441.000,10
reverse,1500,merge_lcp,1137504.200,5668.000,10
reverse,1500,merge_std,1063554.100,12143.000,10
reverse,1500,msd_plain,436020.600,7266.200,10
reverse,1500,msd_switch,230487.400,15371.200,10
reverse,1500,quick_std,346133.200,226383.600,10
reverse,1500,string_quick3,100195.700,27510.100,10
reverse,1600,merge_lcp,1211758.300,6053.400,10
reverse,1600,merge_std,1149266.900,13022.200,10
reverse,1600,msd_plain,456616.700,7755.400,10
reverse,1600,msd_switch,244874.900,16419.500,10
reverse,1600,quick_std,361349.900,235810.700,10
reverse,1600,string_quick3,108075.000,29239.600,10
reverse,1700,merge_lcp,1280091.600,6429.200,10
reverse,1700,merge_std,1222212.500,13859.400,10
reverse,1700,msd_plain,483858.400,8236.600,10
reverse,1700,msd_switch,261516.900,17436.600,10
reverse,1700,quick_std,361079.200,235192.800,10
reverse,1700,string_quick3,113720.800,31291.200,10
reverse,1800,merge_lcp,1361854.100,6811.700,10
reverse,1800,merge_std,1296175.300,14922.300,10
reverse,1800,msd_plain,517162.500,8726.200,10
reverse,1800,msd_switch,277320.600,18489.500,10
reverse,1800,quick_std,363412.400,237471.900,10
reverse,1800,string_quick3,122787.600,33612.900,10
reverse,1900,merge_lcp,1454895.900,7192.800,10
reverse,1900,merge_std,1360025.200,15916.700,10
reverse,1900,msd_plain,545416.700,9212.400,10
reverse,1900,msd_switch,293904.100,19529.800,10
reverse,1900,quick_std,365675.000,239541.600,10
reverse,1900,string_quick3,138637.500,35675.800,10
reverse,2000,merge_lcp,1521500.000,7576.200,10
reverse,2000,merge_std,1459370.800,17049.200,10
reverse,2000,msd_plain,574337.600,9705.000,10
reverse,2000,msd_switch,307216.800,20560.100,10
reverse,2000,quick_std,383504.400,242065.700,10
reverse,2000,string_quick3,137533.300,37737.800,10
reverse,2100,merge_lcp,1695470.700,7952.900,10
reverse,2100,merge_std,1540196.000,17920.500,10
reverse,2100,msd_plain,603195.900,10187.800,10
reverse,2100,msd_switch,324316.800,21594.200,10
reverse,2100,quick_std,403699.800,254049.900,10
reverse,2100,string_quick3,146775.000,40210.400,10
reverse,2200,merge_lcp,1766737.400,8324.500,10
reverse,2200,merge_std,1618633.300,18580.300,10
reverse,2200,msd_plain,645562.300,10674.800,10
reverse,2200,msd_switch,340641.600,22610.900,10
reverse,2200,quick_std,427091.800,275430.300,10
reverse,2200,string_quick3,154699.900,42578.500,10
reverse,2300,merge_lcp,1842175.200,8707.500,10
reverse,2300,merge_std,1699054.000,19404.900,10
reverse,2300,msd_plain,660237.600,11152.800,10
reverse,2300,msd_switch,348975.100,23643.300,10
reverse,2300,quick_std,456646.000,298810.300,10
reverse,2300,string_quick3,158758.200,44272.200,10
reverse,2400,merge_lcp,1921554.100,9087.000,10
reverse,2400,merge_std,1781304.200,20132.800,10
reverse,2400,msd_plain,698200.100,11639.000,10
reverse,2400,msd_switch,366933.300,24671.700,10
reverse,2400,quick_std,499316.600,323631.400,10
reverse,2400,string_quick3,168379.200,46781.600,10
reverse,2500,merge_lcp,1997308.600,9472.400,10
reverse,2500,merge_std,1878775.000,20970.000,10
reverse,2500,msd_plain,720404.100,12116.800,10
reverse,2500,msd_switch,381487.300,25695.900,10
reverse,2500,quick_std,546733.200,344984.100,10
reverse,2500,string_quick3,174791.700,49202.400,10
reverse,2600,merge_lcp,2089933.100,9850.300,10
reverse,2600,merge_std,1947908.300,21947.900,10
reverse,2600,msd_plain,751666.900,12600.200,10
reverse,2600,msd_switch,410650.100,26726.400,10
reverse,2600,quick_std,560433.400,365570.400,10
reverse,2600,string_quick3,183216.700,51942.200,10
reverse,2700,merge_lcp,2163800.100,10223.900,10
reverse,2700,merge_std,2033112.300,22831.300,10
reverse,2700,msd_plain,790595.900,13082.600,10
reverse,2700,msd_switch,414933.100,27728.600,10
reverse,2700,quick_std,593029.300,387794.300,10
reverse,2700,string_quick3,190358.500,55313.100,10
reverse,2800,merge_lcp,2237387.600,10602.600,10
reverse,2800,merge_std,2125591.700,23740.500,10
reverse,2800,msd_plain,808437.500,13567.600,10
reverse,2800,msd_switch,429366.600,28739.800,10
reverse,2800,quick_std,637095.700,412598.900,10
reverse,2800,string_quick3,201545.800,56694.600,10
reverse,2900,merge_lcp,2326354.000,10987.900,10
reverse,2900,merge_std,2244433.500,24687.500,10
reverse,2900,msd_plain,846575.000,14044.600,10
reverse,2900,msd_switch,451883.300,29734.900,10
reverse,2900,quick_std,699895.800,434572.200,10
reverse,2900,string_quick3,212320.800,59182.800,10
reverse,3000,merge_lcp,2445458.300,11373.600,10
reverse,3000,merge_std,2376866.500,25766.500,10
reverse,3000,msd_plain,876721.000,14530.400,10
reverse,3000,msd_switch,465820.900,30794.900,10
reverse,3000,quick_std,695979.300,457500.100,10
reverse,3000,string_quick3,217374.900,62780.700,10
